[{"model": "auth.permission", "pk": 1, "fields": {"name": "Can add log entry", "content_type": 1, "codename": "add_logentry"}}, {"model": "auth.permission", "pk": 2, "fields": {"name": "Can change log entry", "content_type": 1, "codename": "change_logentry"}}, {"model": "auth.permission", "pk": 3, "fields": {"name": "Can delete log entry", "content_type": 1, "codename": "delete_logentry"}}, {"model": "auth.permission", "pk": 4, "fields": {"name": "Can view log entry", "content_type": 1, "codename": "view_logentry"}}, {"model": "auth.permission", "pk": 5, "fields": {"name": "Can add permission", "content_type": 2, "codename": "add_permission"}}, {"model": "auth.permission", "pk": 6, "fields": {"name": "Can change permission", "content_type": 2, "codename": "change_permission"}}, {"model": "auth.permission", "pk": 7, "fields": {"name": "Can delete permission", "content_type": 2, "codename": "delete_permission"}}, {"model": "auth.permission", "pk": 8, "fields": {"name": "Can view permission", "content_type": 2, "codename": "view_permission"}}, {"model": "auth.permission", "pk": 9, "fields": {"name": "Can add group", "content_type": 3, "codename": "add_group"}}, {"model": "auth.permission", "pk": 10, "fields": {"name": "Can change group", "content_type": 3, "codename": "change_group"}}, {"model": "auth.permission", "pk": 11, "fields": {"name": "Can delete group", "content_type": 3, "codename": "delete_group"}}, {"model": "auth.permission", "pk": 12, "fields": {"name": "Can view group", "content_type": 3, "codename": "view_group"}}, {"model": "auth.permission", "pk": 13, "fields": {"name": "Can add content type", "content_type": 4, "codename": "add_contenttype"}}, {"model": "auth.permission", "pk": 14, "fields": {"name": "Can change content type", "content_type": 4, "codename": "change_contenttype"}}, {"model": "auth.permission", "pk": 15, "fields": {"name": "Can delete content type", "content_type": 4, "codename": "delete_contenttype"}}, {"model": "auth.permission", "pk": 16, "fields": {"name": "Can view content type", "content_type": 4, "codename": "view_contenttype"}}, {"model": "auth.permission", "pk": 17, "fields": {"name": "Can add session", "content_type": 5, "codename": "add_session"}}, {"model": "auth.permission", "pk": 18, "fields": {"name": "Can change session", "content_type": 5, "codename": "change_session"}}, {"model": "auth.permission", "pk": 19, "fields": {"name": "Can delete session", "content_type": 5, "codename": "delete_session"}}, {"model": "auth.permission", "pk": 20, "fields": {"name": "Can view session", "content_type": 5, "codename": "view_session"}}, {"model": "auth.permission", "pk": 21, "fields": {"name": "Can add product category", "content_type": 6, "codename": "add_productcategory"}}, {"model": "auth.permission", "pk": 22, "fields": {"name": "Can change product category", "content_type": 6, "codename": "change_productcategory"}}, {"model": "auth.permission", "pk": 23, "fields": {"name": "Can delete product category", "content_type": 6, "codename": "delete_productcategory"}}, {"model": "auth.permission", "pk": 24, "fields": {"name": "Can view product category", "content_type": 6, "codename": "view_productcategory"}}, {"model": "auth.permission", "pk": 25, "fields": {"name": "Can add product", "content_type": 7, "codename": "add_product"}}, {"model": "auth.permission", "pk": 26, "fields": {"name": "Can change product", "content_type": 7, "codename": "change_product"}}, {"model": "auth.permission", "pk": 27, "fields": {"name": "Can delete product", "content_type": 7, "codename": "delete_product"}}, {"model": "auth.permission", "pk": 28, "fields": {"name": "Can view product", "content_type": 7, "codename": "view_product"}}, {"model": "auth.permission", "pk": 29, "fields": {"name": "Can add user", "content_type": 8, "codename": "add_user"}}, {"model": "auth.permission", "pk": 30, "fields": {"name": "Can change user", "content_type": 8, "codename": "change_user"}}, {"model": "auth.permission", "pk": 31, "fields": {"name": "Can delete user", "content_type": 8, "codename": "delete_user"}}, {"model": "auth.permission", "pk": 32, "fields": {"name": "Can view user", "content_type": 8, "codename": "view_user"}}, {"model": "auth.permission", "pk": 33, "fields": {"name": "Can add basket", "content_type": 9, "codename": "add_basket"}}, {"model": "auth.permission", "pk": 34, "fields": {"name": "Can change basket", "content_type": 9, "codename": "change_basket"}}, {"model": "auth.permission", "pk": 35, "fields": {"name": "Can delete basket", "content_type": 9, "codename": "delete_basket"}}, {"model": "auth.permission", "pk": 36, "fields": {"name": "Can view basket", "content_type": 9, "codename": "view_basket"}}, {"model": "auth.permission", "pk": 37, "fields": {"name": "Can add association", "content_type": 10, "codename": "add_association"}}, {"model": "auth.permission", "pk": 38, "fields": {"name": "Can change association", "content_type": 10, "codename": "change_association"}}, {"model": "auth.permission", "pk": 39, "fields": {"name": "Can delete association", "content_type": 10, "codename": "delete_association"}}, {"model": "auth.permission", "pk": 40, "fields": {"name": "Can view association", "content_type": 10, "codename": "view_association"}}, {"model": "auth.permission", "pk": 41, "fields": {"name": "Can add code", "content_type": 11, "codename": "add_code"}}, {"model": "auth.permission", "pk": 42, "fields": {"name": "Can change code", "content_type": 11, "codename": "change_code"}}, {"model": "auth.permission", "pk": 43, "fields": {"name": "Can delete code", "content_type": 11, "codename": "delete_code"}}, {"model": "auth.permission", "pk": 44, "fields": {"name": "Can view code", "content_type": 11, "codename": "view_code"}}, {"model": "auth.permission", "pk": 45, "fields": {"name": "Can add nonce", "content_type": 12, "codename": "add_nonce"}}, {"model": "auth.permission", "pk": 46, "fields": {"name": "Can change nonce", "content_type": 12, "codename": "change_nonce"}}, {"model": "auth.permission", "pk": 47, "fields": {"name": "Can delete nonce", "content_type": 12, "codename": "delete_nonce"}}, {"model": "auth.permission", "pk": 48, "fields": {"name": "Can view nonce", "content_type": 12, "codename": "view_nonce"}}, {"model": "auth.permission", "pk": 49, "fields": {"name": "Can add user social auth", "content_type": 13, "codename": "add_usersocialauth"}}, {"model": "auth.permission", "pk": 50, "fields": {"name": "Can change user social auth", "content_type": 13, "codename": "change_usersocialauth"}}, {"model": "auth.permission", "pk": 51, "fields": {"name": "Can delete user social auth", "content_type": 13, "codename": "delete_usersocialauth"}}, {"model": "auth.permission", "pk": 52, "fields": {"name": "Can view user social auth", "content_type": 13, "codename": "view_usersocialauth"}}, {"model": "auth.permission", "pk": 53, "fields": {"name": "Can add partial", "content_type": 14, "codename": "add_partial"}}, {"model": "auth.permission", "pk": 54, "fields": {"name": "Can change partial", "content_type": 14, "codename": "change_partial"}}, {"model": "auth.permission", "pk": 55, "fields": {"name": "Can delete partial", "content_type": 14, "codename": "delete_partial"}}, {"model": "auth.permission", "pk": 56, "fields": {"name": "Can view partial", "content_type": 14, "codename": "view_partial"}}, {"model": "auth.permission", "pk": 57, "fields": {"name": "Can add shop user profile", "content_type": 15, "codename": "add_shopuserprofile"}}, {"model": "auth.permission", "pk": 58, "fields": {"name": "Can change shop user profile", "content_type": 15, "codename": "change_shopuserprofile"}}, {"model": "auth.permission", "pk": 59, "fields": {"name": "Can delete shop user profile", "content_type": 15, "codename": "delete_shopuserprofile"}}, {"model": "auth.permission", "pk": 60, "fields": {"name": "Can view shop user profile", "content_type": 15, "codename": "view_shopuserprofile"}}, {"model": "auth.permission", "pk": 61, "fields": {"name": "Can add \u0437\u0430\u043a\u0430\u0437", "content_type": 16, "codename": "add_order"}}, {"model": "auth.permission", "pk": 62, "fields": {"name": "Can change \u0437\u0430\u043a\u0430\u0437", "content_type": 16, "codename": "change_order"}}, {"model": "auth.permission", "pk": 63, "fields": {"name": "Can delete \u0437\u0430\u043a\u0430\u0437", "content_type": 16, "codename": "delete_order"}}, {"model": "auth.permission", "pk": 64, "fields": {"name": "Can view \u0437\u0430\u043a\u0430\u0437", "content_type": 16, "codename": "view_order"}}, {"model": "auth.permission", "pk": 65, "fields": {"name": "Can add order item", "content_type": 17, "codename": "add_orderitem"}}, {"model": "auth.permission", "pk": 66, "fields": {"name": "Can change order item", "content_type": 17, "codename": "change_orderitem"}}, {"model": "auth.permission", "pk": 67, "fields": {"name": "Can delete order item", "content_type": 17, "codename": "delete_orderitem"}}, {"model": "auth.permission", "pk": 68, "fields": {"name": "Can view order item", "content_type": 17, "codename": "view_orderitem"}}, {"model": "sessions.session", "pk": "8xkxdbzspaluvt95ivjlzjl9b3jcm067", "fields": {"session_data": "YjkwYTcxMjkyNTI4Y2MyOWFiZmRmZGVkMWVjZmI1MWVlZmNjN2E5ZDp7Il9hdXRoX3VzZXJfaWQiOiIxNyIsIl9hdXRoX3VzZXJfYmFja2VuZCI6ImRqYW5nby5jb250cmliLmF1dGguYmFja2VuZHMuTW9kZWxCYWNrZW5kIiwiX2F1dGhfdXNlcl9oYXNoIjoiMTVmOGI3OThmNGExYTdjYjFmNDVmMjgwOTViNjIyYzdjZTk0MjQ1NSJ9", "expire_date": "2021-03-30T23:27:57.063Z"}}, {"model": "sessions.session", "pk": "mdbf6k379bnhqs22fdnwlpxz2hg0pdl8", "fields": {"session_data": "MjMyMDk0ZWEwYjlhZWQyM2Q2NGE4OGYyNDgxMDViYTU4ZjE3NDBmNDp7Il9hdXRoX3VzZXJfaWQiOiIxIiwiX2F1dGhfdXNlcl9iYWNrZW5kIjoiZGphbmdvLmNvbnRyaWIuYXV0aC5iYWNrZW5kcy5Nb2RlbEJhY2tlbmQiLCJfYXV0aF91c2VyX2hhc2giOiI5MWE4YTlmNjIwMDIwZjYwY2JhZTI0YjFiMDZiMzdkYzg3Mzc1MzQ2In0=", "expire_date": "2021-04-07T19:48:59.101Z"}}, {"model": "sessions.session", "pk": "x2leeulcoir4gkcr6fgb7yezntj2t6mh", "fields": {"session_data": "MjMyMDk0ZWEwYjlhZWQyM2Q2NGE4OGYyNDgxMDViYTU4ZjE3NDBmNDp7Il9hdXRoX3VzZXJfaWQiOiIxIiwiX2F1dGhfdXNlcl9iYWNrZW5kIjoiZGphbmdvLmNvbnRyaWIuYXV0aC5iYWNrZW5kcy5Nb2RlbEJhY2tlbmQiLCJfYXV0aF91c2VyX2hhc2giOiI5MWE4YTlmNjIwMDIwZjYwY2JhZTI0YjFiMDZiMzdkYzg3Mzc1MzQ2In0=", "expire_date": "2021-03-04T14:02:33.796Z"}}, {"model": "mainapp.productcategory", "pk": 1, "fields": {"name": "\u041d\u043e\u0432\u0438\u043d\u043a\u0438", "description": "\u041a\u0430\u0442\u0435\u0433\u043e\u0440\u0438\u044f \u0434\u043b\u044f \u043d\u043e\u0432\u0438\u043d\u043e\u043a"}}, {"model": "mainapp.productcategory", "pk": 2, "fields": {"name": "\u041e\u0434\u0435\u0436\u0434\u0430", "description": null}}, {"model": "mainapp.productcategory", "pk": 3, "fields": {"name": "\u041e\u0431\u0443\u0432\u044c", "description": ""}}, {"model": "mainapp.productcategory", "pk": 4, "fields": {"name": "\u0410\u043a\u0441\u0435\u0441\u0441\u0443\u0430\u0440\u044b", "description": ""}}, {"model": "mainapp.productcategory", "pk": 5, "fields": {"name": "\u041f\u043e\u0434\u0430\u0440\u043a\u0438", "description": ""}}, {"model": "mainapp.product", "pk": 1, "fields": {"category": 1, "name": "\u0425\u0443\u0434\u0438 \u0447\u0435\u0440\u043d\u043e\u0433\u043e \u0446\u0432\u0435\u0442\u0430 \u0441 \u043c\u043e\u043d\u043e\u0433\u0440\u0430\u043c\u043c\u0430\u043c\u0438 adidas Originals", "image": "products_images/Adidas-hoodie.png", "short_description": "\u041c\u044f\u0433\u043a\u0430\u044f \u0442\u043a\u0430\u043d\u044c \u0434\u043b\u044f \u0441\u0432\u0438\u0442\u0448\u043e\u0442\u043e\u0432. \u0421\u0442\u0438\u043b\u044c \u0438 \u043a\u043e\u043c\u0444\u043e\u0440\u0442 \u2013 \u044d\u0442\u043e \u043e\u0431\u0440\u0430\u0437 \u0436\u0438\u0437\u043d", "description": "", "price": "6090.00", "quantity": 2}}, {"model": "mainapp.product", "pk": 2, "fields": {"category": 2, "name": "\u0421\u0438\u043d\u044f\u044f \u043a\u0443\u0440\u0442\u043a\u0430 The North Face", "image": "products_images/Blue-jacket-The-North-Face.png", "short_description": "\u0413\u043b\u0430\u0434\u043a\u0430\u044f \u0442\u043a\u0430\u043d\u044c. \u0412\u043e\u0434\u043e\u043d\u0435\u043f\u0440\u043e\u043d\u0438\u0446\u0430\u0435\u043c\u043e\u0435 \u043f\u043e\u043a\u0440\u044b\u0442\u0438\u0435. \u041b\u0435\u0433\u043a\u0438\u0439 \u0438 \u0442\u0435\u043f\u043b\u044b\u0439 \u043f\u0443\u0445\u043e\u0432\u044b\u0439 \u043d\u0430\u043f\u043e\u043b\u043d\u0438\u0442\u0435\u043b\u044c.", "description": "", "price": "23725.00", "quantity": 3}}, {"model": "mainapp.product", "pk": 3, "fields": {"category": 2, "name": "\u041a\u043e\u0440\u0438\u0447\u043d\u0435\u0432\u044b\u0439 \u0441\u043f\u043e\u0440\u0442\u0438\u0432\u043d\u044b\u0439 oversized-\u0442\u043e\u043f ASOS DESIGN", "image": "products_images/Brown-sports-oversized-top-ASOS-DESIGN.png", "short_description": "\u041c\u0430\u0442\u0435\u0440\u0438\u0430\u043b \u0441 \u043f\u043b\u044e\u0448\u0435\u0432\u043e\u0439 \u0442\u0435\u043a\u0441\u0442\u0443\u0440\u043e\u0439. \u0423\u0434\u043e\u0431\u043d\u044b\u0439 \u0438 \u043c\u044f\u0433\u043a\u0438\u0439.", "description": "", "price": "3390.00", "quantity": 1}}, {"model": "mainapp.product", "pk": 4, "fields": {"category": 4, "name": "\u0427\u0435\u0440\u043d\u044b\u0439 \u0440\u044e\u043a\u0437\u0430\u043a Nike Heritage", "image": "products_images/Black-Nike-Heritage-backpack.png", "short_description": "\u041f\u043b\u043e\u0442\u043d\u0430\u044f \u0442\u043a\u0430\u043d\u044c. \u041b\u0435\u0433\u043a\u0438\u0439 \u043c\u0430\u0442\u0435\u0440\u0438\u0430\u043b.", "description": "", "price": "2340.00", "quantity": 4}}, {"model": "mainapp.product", "pk": 5, "fields": {"category": 3, "name": "\u0427\u0435\u0440\u043d\u044b\u0435 \u0442\u0443\u0444\u043b\u0438 \u043d\u0430 \u043f\u043b\u0430\u0442\u0444\u043e\u0440\u043c\u0435 \u0441 3 \u043f\u0430\u0440\u0430\u043c\u0438 \u043b\u044e\u0432\u0435\u0440\u0441\u043e\u0432 Dr Martens 1461 Bex", "image": "products_images/Black-Dr-Martens-shoes.png", "short_description": "\u0413\u043b\u0430\u0434\u043a\u0438\u0439 \u043a\u043e\u0436\u0430\u043d\u044b\u0439 \u0432\u0435\u0440\u0445. \u041d\u0430\u0442\u0443\u0440\u0430\u043b\u044c\u043d\u044b\u0439 \u043c\u0430\u0442\u0435\u0440\u0438\u0430\u043b.", "description": "", "price": "13590.00", "quantity": 2}}, {"model": "mainapp.product", "pk": 11, "fields": {"category": 2, "name": "\u0422\u0435\u043c\u043d\u043e-\u0441\u0438\u043d\u0438\u0435 \u0448\u0438\u0440\u043e\u043a\u0438\u0435 \u0441\u0442\u0440\u043e\u0433\u0438\u0435 \u0431\u0440\u044e\u043a\u0438 ASOS DESIGN", "image": "products_images/Dark-blue-wide-leg-ASOs-DESIGN-trousers_Ppt1IsB.png", "short_description": "\u041b\u0435\u0433\u043a\u0430\u044f \u044d\u043b\u0430\u0441\u0442\u0438\u0447\u043d\u0430\u044f \u0442\u043a\u0430\u043d\u044c \u0441\u0438\u0440\u0441\u0430\u043a\u0435\u0440 \u0424\u0430\u043a\u0442\u0443\u0440\u043d\u0430\u044f \u0442\u043a\u0430\u043d\u044c.", "description": "", "price": "2890.00", "quantity": 3}}, {"model": "authapp.user", "pk": 1, "fields": {"password": "pbkdf2_sha256$150000$PHy3P1dvF87K$9ng81m9pZRj4Fyp9hmVg/+vfje18jwM760Tz7J1aotw=", "last_login": "2021-03-24T19:48:58.857Z", "is_superuser": true, "username": "maria", "first_name": "\u0421\u0438\u043c\u043e\u043d\u043e\u0432\u0430", "last_name": "\u041c\u0430\u0440\u0438\u044f", "email": "maria_sim_2509@mail.ru", "is_staff": true, "is_active": true, "date_joined": "2021-02-04T10:33:43Z", "avatar": "users_avatar/photo.png", "age": 37, "activation_key": null, "activation_key_expires": "2021-03-18T22:10:04.065Z", "groups": [], "user_permissions": []}}, {"model": "authapp.user", "pk": 2, "fields": {"password": "pbkdf2_sha256$150000$8JJgW8T45YqQ$eHKbNsBkBj30KE66/0ZMkqkOTL8SVSzGo3Zt4bApSso=", "last_login": "2021-02-04T11:46:32.243Z", "is_superuser": false, "username": "maria_sim", "first_name": "\u041c\u0430\u0440\u0438\u044f", "last_name": "\u0421\u0438\u043c\u043e\u043d\u043e\u0432\u0430", "email": "maria_sim_2509@mail.ru", "is_staff": false, "is_active": true, "date_joined": "2021-02-04T11:43:42.431Z", "avatar": "", "age": null, "activation_key": null, "activation_key_expires": "2021-03-18T22:10:04.065Z", "groups": [], "user_permissions": []}}, {"model": "authapp.user", "pk": 3, "fields": {"password": "pbkdf2_sha256$150000$Ds9Nhzb5zGwn$/6b8ZwrkJ8bo+bne93uDRG5exQ7rInEhNCTzcZl+iys=", "last_login": null, "is_superuser": false, "username": "maria5", "first_name": "\u041c\u0430\u0440\u0438\u044f5", "last_name": "\u0421\u0438\u043c\u043e\u043d\u043e\u0432\u04305", "email": "maria_sim_2509@mail.ru", "is_staff": false, "is_active": false, "date_joined": "2021-02-15T12:31:56.676Z", "avatar": "users_avatar/photo_xltPhM7.png", "age": null, "activation_key": null, "activation_key_expires": "2021-03-18T22:10:04.065Z", "groups": [], "user_permissions": []}}, {"model": "authapp.user", "pk": 4, "fields": {"password": "pbkdf2_sha256$150000$0Iiz6VF8Vz70$Y/BBpq0llk0aSAJkx99QK+OsueN+73cTBtseA/OoETI=", "last_login": null, "is_superuser": false, "username": "maria8", "first_name": "\u041c\u0430\u0440\u0438\u044f8", "last_name": "\u0421\u0438\u043c\u043e\u043d\u043e\u0432\u04308", "email": "maria_sim_2509@mail.ru", "is_staff": false, "is_active": true, "date_joined": "2021-02-15T13:13:06.379Z", "avatar": "users_avatar/smile_.png", "age": null, "activation_key": null, "activation_key_expires": "2021-03-18T22:10:04.065Z", "groups": [], "user_permissions": []}}, {"model": "authapp.user", "pk": 5, "fields": {"password": "pbkdf2_sha256$150000$MXIgozFFpSYR$TLI/+BbI1TjxXAw/r5UyAvO4CP8nZ+a19RMDBDgHogo=", "last_login": null, "is_superuser": false, "username": "maria9", "first_name": "\u041c\u0430\u0440\u0438\u044f9", "last_name": "\u0421\u0438\u043c\u043e\u043d\u043e\u0432\u04309", "email": "maria_sim_2509@mail.ru", "is_staff": false, "is_active": false, "date_joined": "2021-02-18T14:00:10.490Z", "avatar": "users_avatar/smile.png", "age": null, "activation_key": null, "activation_key_expires": "2021-03-18T22:10:04.065Z", "groups": [], "user_permissions": []}}, {"model": "authapp.user", "pk": 6, "fields": {"password": "pbkdf2_sha256$150000$G1BILJUAXBoM$qsuHpXLngJS4F7aoKNhAnTmz+BqyK/NsSYduTUA17c8=", "last_login": null, "is_superuser": false, "username": "maria11", "first_name": "\u041c\u0430\u0440\u0438\u044f11", "last_name": "\u0421\u0438\u043c\u043e\u043d\u043e\u0432\u043011", "email": "maria_sim_2509@mail.ru", "is_staff": false, "is_active": false, "date_joined": "2021-02-18T14:03:27.828Z", "avatar": "users_avatar/smile_Ukhludh.png", "age": null, "activation_key": null, "activation_key_expires": "2021-03-18T22:10:04.065Z", "groups": [], "user_permissions": []}}, {"model": "authapp.user", "pk": 7, "fields": {"password": "pbkdf2_sha256$150000$6RQiKywG16Ik$PdMopzJpug32IMph7mtrudobxPVn8qV+qK5kVZEEk64=", "last_login": null, "is_superuser": false, "username": "maria99", "first_name": "\u041c\u0430\u0440\u0438\u044f8", "last_name": "\u0421\u0438\u043c\u043e\u043d\u043e\u0432\u04308", "email": "maria_sim_2509@mail.ru", "is_staff": false, "is_active": true, "date_joined": "2021-03-16T22:11:58.210Z", "avatar": "", "age": null, "activation_key": null, "activation_key_expires": "2021-03-18T22:10:46.700Z", "groups": [], "user_permissions": []}}, {"model": "authapp.user", "pk": 8, "fields": {"password": "pbkdf2_sha256$150000$BHXfmXJ5zIzB$zkb0yVwuRZwGFJXY4m2kFGf4BTZ/y8ccHwy7BGk0Km0=", "last_login": null, "is_superuser": false, "username": "maria999", "first_name": "\u041c\u0430\u0440\u0438\u044f7", "last_name": "\u0421\u0438\u043c\u043e\u043d\u043e\u0432\u04307", "email": "maria_sim_2509@mail.ru", "is_staff": false, "is_active": false, "date_joined": "2021-03-16T22:14:19.719Z", "avatar": "", "age": null, "activation_key": "57b13e78f9439bb7f4a9f0dd19891887e1bce906", "activation_key_expires": "2021-03-18T22:13:35.070Z", "groups": [], "user_permissions": []}}, {"model": "authapp.user", "pk": 9, "fields": {"password": "pbkdf2_sha256$150000$pn5XL1amQpEN$qrdkUyWyHdXMhPmls/2o/4enBfBzj7jMDPQ75VWfjaE=", "last_login": "2021-03-16T22:25:12.889Z", "is_superuser": false, "username": "maria15", "first_name": "\u041c\u0430\u0440\u0438\u044f7", "last_name": "\u0421\u0438\u043c\u043e\u043d\u043e\u0432\u04307", "email": "maria_sim_2509@mail.ru", "is_staff": false, "is_active": true, "date_joined": "2021-03-16T22:19:47.514Z", "avatar": "", "age": null, "activation_key": null, "activation_key_expires": "2021-03-18T22:19:04.503Z", "groups": [], "user_permissions": []}}, {"model": "authapp.user", "pk": 10, "fields": {"password": "pbkdf2_sha256$150000$bhexgqWvfOhq$7nTvspaz+FsvveL0Oqajdw7XDIz/Ww3AIQud90Ln8js=", "last_login": null, "is_superuser": false, "username": "maria17", "first_name": "\u041c\u0430\u0440\u0438\u044f", "last_name": "\u0421\u0438\u043c\u043e\u043d\u043e\u0432\u0430", "email": "maria_2509@mail.ru", "is_staff": false, "is_active": false, "date_joined": "2021-03-16T22:24:18.674Z", "avatar": "", "age": null, "activation_key": "a41c443de48d4d8a055abeb346370075f8e21532", "activation_key_expires": "2021-03-18T22:19:04.503Z", "groups": [], "user_permissions": []}}, {"model": "authapp.user", "pk": 11, "fields": {"password": "pbkdf2_sha256$150000$DD3Qb3GpyawN$fy3YJx0PXa76fmJU9anAD4IKwgu2KHvSOaaeq4W4M4U=", "last_login": null, "is_superuser": false, "username": "maria18", "first_name": "\u041c\u0430\u0440\u0438\u044f", "last_name": "\u0421\u0438\u043c\u043e\u043d\u043e\u0432\u0430", "email": "maria__2509@mail.ru", "is_staff": false, "is_active": false, "date_joined": "2021-03-16T22:30:05.862Z", "avatar": "", "age": null, "activation_key": "9ba326a24cea8c1beb85ca8458a2e50a7ecd4c03", "activation_key_expires": "2021-03-18T22:29:32.295Z", "groups": [], "user_permissions": []}}, {"model": "authapp.user", "pk": 12, "fields": {"password": "pbkdf2_sha256$150000$QHPbh0xVHvz1$nwCVWQtVUQKWr4x+IFOtLwknwDKYW+CPohLaJDec2Uc=", "last_login": null, "is_superuser": false, "username": "maria20", "first_name": "\u041c\u0430\u0440\u0438\u044f", "last_name": "\u0421\u0438\u043c\u043e\u043d\u043e\u0432\u0430", "email": "maria_sim_2509@mail.ru", "is_staff": false, "is_active": false, "date_joined": "2021-03-16T22:31:18.381Z", "avatar": "", "age": null, "activation_key": "347529200c74e6c54da9f742fc9060afd007f63b", "activation_key_expires": "2021-03-18T22:30:54.040Z", "groups": [], "user_permissions": []}}, {"model": "authapp.user", "pk": 13, "fields": {"password": "pbkdf2_sha256$150000$vIv6RRL24XoW$mE1qMzg7rBvxE4LMajolR4/KjfxQKfwY85GJJMCTMjU=", "last_login": null, "is_superuser": false, "username": "maria21", "first_name": "\u041c\u0430\u0440\u0438\u044f", "last_name": "\u0421\u0438\u043c\u043e\u043d\u043e\u0432\u0430", "email": "maria_sim_2509@mail.ru", "is_staff": false, "is_active": false, "date_joined": "2021-03-16T22:45:06.072Z", "avatar": "", "age": null, "activation_key": "52e75e8496bbdc19a856b1b43b1a4e7687d304a5", "activation_key_expires": "2021-03-18T22:44:30.706Z", "groups": [], "user_permissions": []}}, {"model": "authapp.user", "pk": 14, "fields": {"password": "pbkdf2_sha256$150000$eWaN7NwHlcKB$R/3bXmSpOWhY42RG37Ktt3eydacG62Fx4Bt//hilG3g=", "last_login": null, "is_superuser": false, "username": "maria22", "first_name": "\u041c\u0430\u0440\u0438\u044f", "last_name": "\u0421\u0438\u043c\u043e\u043d\u043e\u0432\u0430", "email": "maria_sim_2509@mail.ru", "is_staff": false, "is_active": false, "date_joined": "2021-03-16T23:08:53.717Z", "avatar": "", "age": null, "activation_key": "2c530cf790640d348b9ded158885d81f07c82d5b", "activation_key_expires": "2021-03-18T23:07:34.576Z", "groups": [], "user_permissions": []}}, {"model": "authapp.user", "pk": 15, "fields": {"password": "pbkdf2_sha256$150000$4hwNr7wX7mA5$iigA1aChgFS5MDnuKZfaXpDjSCJRBxgP86XEvLfx9yY=", "last_login": null, "is_superuser": false, "username": "maria23", "first_name": "\u041c\u0430\u0440\u0438\u044f", "last_name": "\u0421\u0438\u043c\u043e\u043d\u043e\u0432\u0430", "email": "maria_sim_2509@mail.ru", "is_staff": false, "is_active": false, "date_joined": "2021-03-16T23:15:39.444Z", "avatar": "", "age": null, "activation_key": "91a262c73258c7e99a6a47fa3ddc3b20e7cce3a7", "activation_key_expires": "2021-03-18T23:14:51.413Z", "groups": [], "user_permissions": []}}, {"model": "authapp.user", "pk": 16, "fields": {"password": "pbkdf2_sha256$150000$0f14YYEPoYwB$3nrYwrCGk6PgOz6eGRiOKNBP7z7z8xPM9UiBR15uKWo=", "last_login": "2021-03-16T23:26:17.343Z", "is_superuser": false, "username": "maria24", "first_name": "\u041c\u0430\u0440\u0438\u044f", "last_name": "\u0421\u0438\u043c\u043e\u043d\u043e\u0432\u0430", "email": "maria_sim_2509@mail.ru", "is_staff": false, "is_active": true, "date_joined": "2021-03-16T23:25:26.943Z", "avatar": "", "age": null, "activation_key": null, "activation_key_expires": "2021-03-18T23:25:05.462Z", "groups": [], "user_permissions": []}}, {"model": "authapp.user", "pk": 17, "fields": {"password": "pbkdf2_sha256$150000$YqxkSTHLp4bZ$aZfXHgRxcJRz1i/h5InKqDrILX4GnRRIu/RXGLePyDA=", "last_login": "2021-03-16T23:27:56.974Z", "is_superuser": false, "username": "maria25", "first_name": "\u041c\u0430\u0440\u0438\u044f", "last_name": "\u0421\u0438\u043c\u043e\u043d\u043e\u0432\u0430", "email": "maria_sim_2509@mail.ru", "is_staff": false, "is_active": true, "date_joined": "2021-03-16T23:27:21.270Z", "avatar": "", "age": null, "activation_key": null, "activation_key_expires": "2021-03-18T23:26:13.030Z", "groups": [], "user_permissions": []}}, {"model": "authapp.user", "pk": 18, "fields": {"password": "pbkdf2_sha256$150000$RjJ7BKZQ5Kan$thXSkECGbVKnJFUUgqJRQSdH/h+KFk0ApfATUoF23Uo=", "last_login": null, "is_superuser": false, "username": "maria26", "first_name": "\u041c\u0430\u0440\u0438\u044f", "last_name": "\u0421\u0438\u043c\u043e\u043d\u043e\u0432\u0430", "email": "maria_sim_2509@mail.ru", "is_staff": false, "is_active": false, "date_joined": "2021-03-16T23:32:05.016Z", "avatar": "", "age": null, "activation_key": "31de52e1edc7d05b0b03823a73dc94b07c02ca27", "activation_key_expires": "2021-03-18T23:31:20.604Z", "groups": [], "user_permissions": []}}, {"model": "authapp.user", "pk": 19, "fields": {"password": "pbkdf2_sha256$150000$2OS8Xgbl0afQ$n2PwhbLyoGr1aK1aVOFABCPIkvhoHs6xFijvP81lJz0=", "last_login": null, "is_superuser": false, "username": "maria27", "first_name": "\u041c\u0430\u0440\u0438\u044f", "last_name": "\u0421\u0438\u043c\u043e\u043d\u043e\u0432\u0430", "email": "maria_sim_2509@mail.ru", "is_staff": false, "is_active": false, "date_joined": "2021-03-16T23:44:22.268Z", "avatar": "", "age": null, "activation_key": "dc53ffbf2a41da648a0a9a86ad7ff275445aed6b", "activation_key_expires": "2021-03-18T23:41:33.664Z", "groups": [], "user_permissions": []}}, {"model": "authapp.user", "pk": 20, "fields": {"password": "pbkdf2_sha256$150000$oIb8MsbPdUqH$ZaxOKZoxvzCmYKroPZ3ey6svsrgP7/v7AQvZxeDieB4=", "last_login": null, "is_superuser": false, "username": "maria28", "first_name": "\u041c\u0430\u0440\u0438\u044f", "last_name": "\u0421\u0438\u043c\u043e\u043d\u043e\u0432\u0430", "email": "maria_sim_2509@mail.ru", "is_staff": false, "is_active": false, "date_joined": "2021-03-16T23:49:52.333Z", "avatar": "", "age": null, "activation_key": "943790fc9e06ac862d0b1362bafe60158f995366", "activation_key_expires": "2021-03-18T23:41:33.664Z", "groups": [], "user_permissions": []}}, {"model": "authapp.user", "pk": 21, "fields": {"password": "pbkdf2_sha256$150000$T2WypHfVgzgQ$6lA/dJPbXBphHDTIDQHHK2gnk5/mEUFtnLs3qjAjoTg=", "last_login": null, "is_superuser": false, "username": "maria888", "first_name": "\u041c\u0430\u0440\u0438\u044f", "last_name": "\u0421\u0438\u043c\u043e\u043d\u043e\u0432\u0430", "email": "maria_sim_2509@mail.ru", "is_staff": false, "is_active": false, "date_joined": "2021-03-17T21:20:34.859Z", "avatar": "", "age": null, "activation_key": "636b9fdfff116c0043fbdd480a056a11563bf6cd", "activation_key_expires": "2021-03-19T21:19:37.795Z", "groups": [], "user_permissions": []}}, {"model": "authapp.user", "pk": 22, "fields": {"password": "!4klhWe00VHehLHEsTLWaRtC2k1e6OWBTs753lexd", "last_login": "2021-03-21T22:00:39.202Z", "is_superuser": false, "username": "id52018363", "first_name": "\u041c\u0430\u0440\u0438\u044f", "last_name": "\u0411\u0430\u0440\u0430\u043d\u043e\u0432\u0430", "email": "maria_sim_2509@mail.ru", "is_staff": false, "is_active": true, "date_joined": "2021-03-21T20:55:25.590Z", "avatar": "", "age": 38, "activation_key": null, "activation_key_expires": "2021-03-23T20:55:03.009Z", "groups": [], "user_permissions": []}}, {"model": "authapp.shopuserprofile", "pk": 1, "fields": {"user": 1, "tagline": "", "aboutMe": "", "gender": ""}}, {"model": "authapp.shopuserprofile", "pk": 2, "fields": {"user": 2, "tagline": "", "aboutMe": "", "gender": ""}}, {"model": "authapp.shopuserprofile", "pk": 3, "fields": {"user": 3, "tagline": "", "aboutMe": "", "gender": ""}}, {"model": "authapp.shopuserprofile", "pk": 4, "fields": {"user": 4, "tagline": "", "aboutMe": "", "gender": ""}}, {"model": "authapp.shopuserprofile", "pk": 5, "fields": {"user": 5, "tagline": "", "aboutMe": "", "gender": ""}}, {"model": "authapp.shopuserprofile", "pk": 6, "fields": {"user": 6, "tagline": "", "aboutMe": "", "gender": ""}}, {"model": "authapp.shopuserprofile", "pk": 7, "fields": {"user": 7, "tagline": "", "aboutMe": "", "gender": ""}}, {"model": "authapp.shopuserprofile", "pk": 8, "fields": {"user": 8, "tagline": "", "aboutMe": "", "gender": ""}}, {"model": "authapp.shopuserprofile", "pk": 9, "fields": {"user": 9, "tagline": "", "aboutMe": "", "gender": ""}}, {"model": "authapp.shopuserprofile", "pk": 10, "fields": {"user": 10, "tagline": "", "aboutMe": "", "gender": ""}}, {"model": "authapp.shopuserprofile", "pk": 11, "fields": {"user": 11, "tagline": "", "aboutMe": "", "gender": ""}}, {"model": "authapp.shopuserprofile", "pk": 12, "fields": {"user": 12, "tagline": "", "aboutMe": "", "gender": ""}}, {"model": "authapp.shopuserprofile", "pk": 13, "fields": {"user": 13, "tagline": "", "aboutMe": "", "gender": ""}}, {"model": "authapp.shopuserprofile", "pk": 14, "fields": {"user": 14, "tagline": "", "aboutMe": "", "gender": ""}}, {"model": "authapp.shopuserprofile", "pk": 15, "fields": {"user": 15, "tagline": "", "aboutMe": "", "gender": ""}}, {"model": "authapp.shopuserprofile", "pk": 16, "fields": {"user": 16, "tagline": "", "aboutMe": "", "gender": ""}}, {"model": "authapp.shopuserprofile", "pk": 17, "fields": {"user": 17, "tagline": "", "aboutMe": "", "gender": ""}}, {"model": "authapp.shopuserprofile", "pk": 18, "fields": {"user": 18, "tagline": "", "aboutMe": "", "gender": ""}}, {"model": "authapp.shopuserprofile", "pk": 19, "fields": {"user": 19, "tagline": "", "aboutMe": "", "gender": ""}}, {"model": "authapp.shopuserprofile", "pk": 20, "fields": {"user": 20, "tagline": "", "aboutMe": "", "gender": ""}}, {"model": "authapp.shopuserprofile", "pk": 21, "fields": {"user": 21, "tagline": "", "aboutMe": "", "gender": ""}}, {"model": "authapp.shopuserprofile", "pk": 22, "fields": {"user": 22, "tagline": "", "aboutMe": "\u0442\u0435\u0441\u0442", "gender": "W"}}, {"model": "social_django.usersocialauth", "pk": 1, "fields": {"user": 22, "provider": "vk-oauth2", "uid": "52018363", "extra_data": "{\"auth_time\": 1616364038, \"id\": 52018363, \"expires\": 86400, \"access_token\": \"0fd6d12d14a2fbd9c9bada4a3a3c6d85bfa158907973979037d7baade65d2af4773b4827be77c10f87735\", \"token_type\": null}", "created": "2021-03-21T20:55:25.871Z", "modified": "2021-03-21T22:00:38.814Z"}}, {"model": "ordersapp.order", "pk": 1, "fields": {"user": 1, "created": "2021-03-24T19:49:29.415Z", "updated": "2021-03-24T19:54:44.771Z", "status": "STP", "is_active": true}}, {"model": "ordersapp.order", "pk": 2, "fields": {"user": 1, "created": "2021-03-24T19:54:53.948Z", "updated": "2021-03-28T18:42:55.709Z", "status": "STP", "is_active": true}}, {"model": "ordersapp.order", "pk": 3, "fields": {"user": 1, "created": "2021-03-28T19:24:29.560Z", "updated": "2021-03-28T20:05:30.914Z", "status": "FM", "is_active": true}}, {"model": "ordersapp.order", "pk": 4, "fields": {"user": 1, "created": "2021-03-28T19:25:12.740Z", "updated": "2021-03-28T20:03:29.883Z", "status": "FM", "is_active": true}}, {"model": "ordersapp.order", "pk": 5, "fields": {"user": 1, "created": "2021-03-28T19:39:49.655Z", "updated": "2021-03-28T20:03:20.665Z", "status": "FM", "is_active": true}}, {"model": "ordersapp.orderitem", "pk": 1, "fields": {"order": 1, "product": 2, "quantity": 2}}, {"model": "ordersapp.orderitem", "pk": 2, "fields": {"order": 1, "product": 3, "quantity": 1}}, {"model": "ordersapp.orderitem", "pk": 3, "fields": {"order": 2, "product": 4, "quantity": 1}}, {"model": "ordersapp.orderitem", "pk": 4, "fields": {"order": 2, "product": 4, "quantity": 1}}, {"model": "ordersapp.orderitem", "pk": 5, "fields": {"order": 3, "product": 5, "quantity": 1}}, {"model": "ordersapp.orderitem", "pk": 6, "fields": {"order": 3, "product": 4, "quantity": 3}}, {"model": "ordersapp.orderitem", "pk": 7, "fields": {"order": 4, "product": 3, "quantity": 2}}, {"model": "ordersapp.orderitem", "pk": 10, "fields": {"order": 5, "product": 4, "quantity": 5}}, {"model": "ordersapp.orderitem", "pk": 12, "fields": {"order": 3, "product": 11, "quantity": 2}}, {"model": "admin.logentry", "pk": 1, "fields": {"action_time": "2021-02-04T11:50:28.203Z", "user": 1, "content_type": 8, "object_id": "1", "object_repr": "maria", "action_flag": 2, "change_message": "[{\"changed\": {\"fields\": [\"avatar\"]}}]"}}, {"model": "admin.logentry", "pk": 2, "fields": {"action_time": "2021-02-08T04:52:25.077Z", "user": 1, "content_type": 8, "object_id": "1", "object_repr": "maria", "action_flag": 2, "change_message": "[{\"changed\": {\"fields\": [\"email\"]}}]"}}, {"model": "admin.logentry", "pk": 3, "fields": {"action_time": "2021-02-08T04:53:35.871Z", "user": 1, "content_type": 8, "object_id": "1", "object_repr": "maria", "action_flag": 2, "change_message": "[{\"changed\": {\"fields\": [\"first_name\", \"last_name\", \"age\"]}}]"}}]