[{"model": "sessions.session", "pk": "5tfo256o1d62k2i9golwhn87wa6w17ht", "fields": {"session_data": "Y2QwM2UyMmNiNzYzY2FhN2U2N2EyODdmZjAzMjQ0MTg5YWQxNWEzNjp7Il9hdXRoX3VzZXJfaWQiOiIxMCIsIl9hdXRoX3VzZXJfYmFja2VuZCI6ImRqYW5nby5jb250cmliLmF1dGguYmFja2VuZHMuTW9kZWxCYWNrZW5kIiwiX2F1dGhfdXNlcl9oYXNoIjoiMGVmNWU4ODljOTJkNmUwN2JlYmZhZDIzYmMwMzkwNWIyOTk1MDIzZCJ9", "expire_date": "2021-04-26T20:12:36.134Z"}}, {"model": "sessions.session", "pk": "9uyl64qtutorccyapx2teevur6zjed0a", "fields": {"session_data": "NzcwZjFiZmY4MmFjYjVhNGRjZWEwMDYwZmY2NzM4MmVlMGFiNGU5ODp7fQ==", "expire_date": "2021-04-25T20:46:52.468Z"}}, {"model": "sessions.session", "pk": "khg4y546qeb06clz0r4c6ewxwir57oe8", "fields": {"session_data": "NzcwZjFiZmY4MmFjYjVhNGRjZWEwMDYwZmY2NzM4MmVlMGFiNGU5ODp7fQ==", "expire_date": "2021-04-25T20:34:07.489Z"}}, {"model": "sessions.session", "pk": "o1g3nfayrx9170ax7vr8r7volos2jy0b", "fields": {"session_data": "ZTY2MDg3ODdjNmViNDI2MWU3NjIxZDhkMzcwMzU4ZDlkNWU5MmMwNDp7Im5leHQiOiIvIiwidmstb2F1dGgyX3N0YXRlIjoiSnFvME50d1NPWkh1VG5VZDNJY0g1MWhLVmVyVWNSR3QifQ==", "expire_date": "2021-04-22T14:58:18.306Z"}}, {"model": "sessions.session", "pk": "u8cr4cmwqddmfsi5v1r2mgai2shtwijp", "fields": {"session_data": "NzcwZjFiZmY4MmFjYjVhNGRjZWEwMDYwZmY2NzM4MmVlMGFiNGU5ODp7fQ==", "expire_date": "2021-04-25T20:47:23.370Z"}}, {"model": "mainapp.productcategory", "pk": 1, "fields": {"name": "\u041d\u043e\u0432\u0438\u043d\u043a\u0438", "description": "\u041a\u0430\u0442\u0435\u0433\u043e\u0440\u0438\u044f \u0434\u043b\u044f \u043d\u043e\u0432\u0438\u043d\u043e\u043a", "discount": "0.00"}}, {"model": "mainapp.productcategory", "pk": 2, "fields": {"name": "\u041e\u0434\u0435\u0436\u0434\u0430", "description": "", "discount": "0.00"}}, {"model": "mainapp.productcategory", "pk": 3, "fields": {"name": "\u041e\u0431\u0443\u0432\u044c", "description": "", "discount": "0.05"}}, {"model": "mainapp.productcategory", "pk": 4, "fields": {"name": "\u0410\u043a\u0441\u0435\u0441\u0441\u0443\u0430\u0440\u044b", "description": "", "discount": "0.00"}}, {"model": "mainapp.productcategory", "pk": 5, "fields": {"name": "\u041f\u043e\u0434\u0430\u0440\u043a\u0438", "description": "", "discount": "0.01"}}, {"model": "mainapp.product", "pk": 1, "fields": {"category": 1, "name": "\u0425\u0443\u0434\u0438 \u0447\u0435\u0440\u043d\u043e\u0433\u043e \u0446\u0432\u0435\u0442\u0430 \u0441 \u043c\u043e\u043d\u043e\u0433\u0440\u0430\u043c\u043c\u0430\u043c\u0438 adidas Originals", "image": "products_images/Adidas-hoodie.png", "short_description": "\u041c\u044f\u0433\u043a\u0430\u044f \u0442\u043a\u0430\u043d\u044c \u0434\u043b\u044f \u0441\u0432\u0438\u0442\u0448\u043e\u0442\u043e\u0432. \u0421\u0442\u0438\u043b\u044c \u0438 \u043a\u043e\u043c\u0444\u043e\u0440\u0442 \u2013 \u044d\u0442\u043e \u043e\u0431\u0440\u0430\u0437 \u0436\u0438\u0437\u043d", "description": "", "price": "6090.00", "quantity": 100, "discount": "0.00"}}, {"model": "mainapp.product", "pk": 2, "fields": {"category": 2, "name": "\u0421\u0438\u043d\u044f\u044f \u043a\u0443\u0440\u0442\u043a\u0430 The North Face", "image": "products_images/Blue-jacket-The-North-Face.png", "short_description": "\u0413\u043b\u0430\u0434\u043a\u0430\u044f \u0442\u043a\u0430\u043d\u044c. \u0412\u043e\u0434\u043e\u043d\u0435\u043f\u0440\u043e\u043d\u0438\u0446\u0430\u0435\u043c\u043e\u0435 \u043f\u043e\u043a\u0440\u044b\u0442\u0438\u0435. \u041b\u0435\u0433\u043a\u0438\u0439 \u0438 \u0442\u0435\u043f\u043b\u044b\u0439 \u043f\u0443\u0445\u043e\u0432\u044b\u0439 \u043d\u0430\u043f\u043e\u043b\u043d\u0438\u0442\u0435\u043b\u044c.", "description": "", "price": "23725.00", "quantity": 96, "discount": "0.00"}}, {"model": "mainapp.product", "pk": 3, "fields": {"category": 2, "name": "\u041a\u043e\u0440\u0438\u0447\u043d\u0435\u0432\u044b\u0439 \u0441\u043f\u043e\u0440\u0442\u0438\u0432\u043d\u044b\u0439 oversized-\u0442\u043e\u043f ASOS DESIGN", "image": "products_images/Brown-sports-oversized-top-ASOS-DESIGN.png", "short_description": "\u041c\u0430\u0442\u0435\u0440\u0438\u0430\u043b \u0441 \u043f\u043b\u044e\u0448\u0435\u0432\u043e\u0439 \u0442\u0435\u043a\u0441\u0442\u0443\u0440\u043e\u0439. \u0423\u0434\u043e\u0431\u043d\u044b\u0439 \u0438 \u043c\u044f\u0433\u043a\u0438\u0439.", "description": "", "price": "3390.00", "quantity": 100, "discount": "0.00"}}, {"model": "mainapp.product", "pk": 4, "fields": {"category": 4, "name": "\u0427\u0435\u0440\u043d\u044b\u0439 \u0440\u044e\u043a\u0437\u0430\u043a Nike Heritage", "image": "products_images/Black-Nike-Heritage-backpack.png", "short_description": "\u041f\u043b\u043e\u0442\u043d\u0430\u044f \u0442\u043a\u0430\u043d\u044c. \u041b\u0435\u0433\u043a\u0438\u0439 \u043c\u0430\u0442\u0435\u0440\u0438\u0430\u043b.", "description": "", "price": "2340.00", "quantity": 100, "discount": "0.00"}}, {"model": "mainapp.product", "pk": 5, "fields": {"category": 3, "name": "\u0427\u0435\u0440\u043d\u044b\u0435 \u0442\u0443\u0444\u043b\u0438 \u043d\u0430 \u043f\u043b\u0430\u0442\u0444\u043e\u0440\u043c\u0435 \u0441 3 \u043f\u0430\u0440\u0430\u043c\u0438 \u043b\u044e\u0432\u0435\u0440\u0441\u043e\u0432 Dr Martens 1461 Bex", "image": "products_images/Black-Dr-Martens-shoes.png", "short_description": "\u0413\u043b\u0430\u0434\u043a\u0438\u0439 \u043a\u043e\u0436\u0430\u043d\u044b\u0439 \u0432\u0435\u0440\u0445. \u041d\u0430\u0442\u0443\u0440\u0430\u043b\u044c\u043d\u044b\u0439 \u043c\u0430\u0442\u0435\u0440\u0438\u0430\u043b.", "description": "", "price": "13590.00", "quantity": 97, "discount": "0.05"}}, {"model": "mainapp.product", "pk": 11, "fields": {"category": 2, "name": "\u0422\u0435\u043c\u043d\u043e-\u0441\u0438\u043d\u0438\u0435 \u0448\u0438\u0440\u043e\u043a\u0438\u0435 \u0441\u0442\u0440\u043e\u0433\u0438\u0435 \u0431\u0440\u044e\u043a\u0438 ASOS DESIGN", "image": "products_images/Dark-blue-wide-leg-ASOs-DESIGN-trousers_Ppt1IsB.png", "short_description": "\u041b\u0435\u0433\u043a\u0430\u044f \u044d\u043b\u0430\u0441\u0442\u0438\u0447\u043d\u0430\u044f \u0442\u043a\u0430\u043d\u044c \u0441\u0438\u0440\u0441\u0430\u043a\u0435\u0440 \u0424\u0430\u043a\u0442\u0443\u0440\u043d\u0430\u044f \u0442\u043a\u0430\u043d\u044c.", "description": "", "price": "2890.00", "quantity": 97, "discount": "0.00"}}, {"model": "authapp.user", "pk": 1, "fields": {"password": "pbkdf2_sha256$150000$4pH3sG5RFcjo$jkDAbBwRiyDEwU64j0gvM2qa+HhEm0g4OE/EZfNP0n0=", "last_login": null, "is_superuser": false, "username": "maria15", "first_name": "\u041c\u0430\u0440\u0438\u044f", "last_name": "\u0421\u0438\u043c\u043e\u043d\u043e\u0432\u0430", "email": "maria_sim_2509@mail.ru", "is_staff": false, "is_active": true, "date_joined": "2021-04-05T17:56:13.968Z", "avatar": "", "age": 18, "activation_key": null, "activation_key_expires": "2021-04-07T16:49:33.738Z", "groups": [], "user_permissions": []}}, {"model": "authapp.user", "pk": 2, "fields": {"password": "pbkdf2_sha256$150000$If4AxfQnjbeN$jB98PufIbErGY3Ca4iDH55/bwk18aNiHbq+teoIwiM8=", "last_login": "2021-04-11T20:47:23.379Z", "is_superuser": false, "username": "maria_sim", "first_name": "\u041c\u0430\u0440\u0438\u044f", "last_name": "\u0421\u0438\u043c\u043e\u043d\u043e\u0432\u0430", "email": "maria_sim_2509@mail.ru", "is_staff": false, "is_active": true, "date_joined": "2021-04-05T17:56:51.999Z", "avatar": "", "age": 18, "activation_key": null, "activation_key_expires": "2021-04-07T16:49:33.604Z", "groups": [], "user_permissions": []}}, {"model": "authapp.user", "pk": 3, "fields": {"password": "pbkdf2_sha256$150000$mfPE2pLwP8p3$Vft5vCMOWtPQRuscv9uKBXYf3tuWjW4Whj3zyKiNZL0=", "last_login": null, "is_superuser": false, "username": "maria_sim_", "first_name": "\u041c\u0430\u0440\u0438\u044f", "last_name": "\u0421\u0438\u043c\u043e\u043d\u043e\u0432\u0430", "email": "maria_sim_2509@mail.ru", "is_staff": false, "is_active": true, "date_joined": "2021-04-05T17:57:20.079Z", "avatar": "", "age": 18, "activation_key": null, "activation_key_expires": "2021-04-07T16:49:33.737Z", "groups": [], "user_permissions": []}}, {"model": "authapp.user", "pk": 4, "fields": {"password": "pbkdf2_sha256$150000$4YzgJYsy1jDO$IBdPryTtnIYuSmSDKePvml7X2WOnldcOWTqKkVPC7qY=", "last_login": null, "is_superuser": false, "username": "vasya", "first_name": "\u0412\u0430\u0441\u0438\u043b\u0438\u0439", "last_name": "\u0412\u0430\u0441\u0438\u043b\u0438\u0439", "email": "maria_sim_2509@mail.ru", "is_staff": false, "is_active": true, "date_joined": "2021-04-05T17:59:09.133Z", "avatar": "", "age": 18, "activation_key": null, "activation_key_expires": "2021-04-07T16:49:33.604Z", "groups": [], "user_permissions": []}}, {"model": "authapp.user", "pk": 5, "fields": {"password": "pbkdf2_sha256$150000$E26Von1sVhay$JKpck7qw691cJf4oqhNlYNP9zHIxXwH+rwclUl/TMOE=", "last_login": null, "is_superuser": false, "username": "mari77", "first_name": "\u041c\u0430\u0440\u0438\u044f", "last_name": "\u0421\u0438\u043c\u043e\u043d\u043e\u0432\u0430", "email": "maria_sim_2509@mail.ru", "is_staff": false, "is_active": true, "date_joined": "2021-04-05T18:02:58.829Z", "avatar": "", "age": 18, "activation_key": null, "activation_key_expires": "2021-04-07T16:49:33.738Z", "groups": [], "user_permissions": []}}, {"model": "authapp.user", "pk": 6, "fields": {"password": "pbkdf2_sha256$150000$RbsKrCgswILu$pRZXRZV782TQC+ZaYvf4OJp8BDXydcqjBMzz8ZwB8b4=", "last_login": null, "is_superuser": false, "username": "rerererer", "first_name": "fff", "last_name": "dddff", "email": "maria_sim_2509@mail.ru", "is_staff": false, "is_active": true, "date_joined": "2021-04-05T18:24:15.907Z", "avatar": "", "age": 18, "activation_key": null, "activation_key_expires": "2021-04-07T16:49:33.738Z", "groups": [], "user_permissions": []}}, {"model": "authapp.user", "pk": 7, "fields": {"password": "pbkdf2_sha256$150000$0VCNe6OeG0VH$Q/zJI+M0Q7mb2gb1e0VOU/SuHXBiiJ+tl2vz+YXOFQA=", "last_login": "2021-04-11T20:34:07.499Z", "is_superuser": false, "username": "MariaSim", "first_name": "Maria", "last_name": "Simonova", "email": "maria_sim_2509@mail.ru", "is_staff": false, "is_active": true, "date_joined": "2021-04-07T20:15:01.265Z", "avatar": "", "age": 18, "activation_key": null, "activation_key_expires": "2021-04-09T20:14:00.760Z", "groups": [], "user_permissions": []}}, {"model": "authapp.user", "pk": 8, "fields": {"password": "pbkdf2_sha256$150000$o6nbs9qgAxaB$ZCBB5nPs23T8RTzspoQ5jLuOdrHVS8mIPzwcAJKz02E=", "last_login": null, "is_superuser": false, "username": "MariSim", "first_name": "Mari", "last_name": "Sim", "email": "maria_sim_2509@mail.ru", "is_staff": false, "is_active": true, "date_joined": "2021-04-07T21:15:32.099Z", "avatar": "", "age": 18, "activation_key": null, "activation_key_expires": "2021-04-09T21:13:46.204Z", "groups": [], "user_permissions": []}}, {"model": "authapp.user", "pk": 9, "fields": {"password": "pbkdf2_sha256$150000$Mic0VbpA1G6G$1LCJpEmoUPSGTTKrDGT2wT369nuqW4VJyLSuhmY5bow=", "last_login": "2021-04-11T20:46:52.477Z", "is_superuser": true, "username": "maria", "first_name": "", "last_name": "", "email": "", "is_staff": true, "is_active": true, "date_joined": "2021-04-07T21:23:42.240Z", "avatar": "", "age": 18, "activation_key": null, "activation_key_expires": "2021-04-09T21:23:18.122Z", "groups": [], "user_permissions": []}}, {"model": "authapp.user", "pk": 10, "fields": {"password": "pbkdf2_sha256$150000$LvMiZVMmu0pD$0vdgfS3LfoX2GJdEIjWfDhpL9gMUphxQ+HTk9GULG/E=", "last_login": "2021-04-12T20:12:35.943Z", "is_superuser": true, "username": "MariaSimonova", "first_name": "", "last_name": "", "email": "", "is_staff": true, "is_active": true, "date_joined": "2021-04-07T21:38:30.533Z", "avatar": "", "age": 18, "activation_key": null, "activation_key_expires": "2021-04-09T21:37:47.084Z", "groups": [], "user_permissions": []}}, {"model": "authapp.user", "pk": 11, "fields": {"password": "pbkdf2_sha256$150000$rppHTA5RSjlk$gL5Gzsf96KolQV/dnJxTvfA5A5iNoBBDA+GYPCwe3AA=", "last_login": null, "is_superuser": false, "username": "Mary", "first_name": "Mary", "last_name": "Simm", "email": "maria_sim_2509@mail.ru", "is_staff": false, "is_active": false, "date_joined": "2021-04-07T22:08:56.398Z", "avatar": "", "age": 18, "activation_key": "aabb282d4be01cb329b83704ebe50eee44a566f8", "activation_key_expires": "2021-04-09T22:06:45.827Z", "groups": [], "user_permissions": []}}, {"model": "authapp.user", "pk": 12, "fields": {"password": "pbkdf2_sha256$150000$Bt4lzOSSAn1d$O1NQb8LpmwLRy6N64RD0ulla7xKrRwRFTa7kzcmcaNY=", "last_login": null, "is_superuser": false, "username": "Marii", "first_name": "Mari", "last_name": "\u0421\u0438\u043c\u043e\u043d\u043e\u0432\u0430", "email": "maria_sim_2509@mail.ru", "is_staff": false, "is_active": false, "date_joined": "2021-04-07T22:10:24.342Z", "avatar": "", "age": 18, "activation_key": "b83c255f11f452e12df2387986a74f7b22b403e5", "activation_key_expires": "2021-04-09T22:06:45.817Z", "groups": [], "user_permissions": []}}, {"model": "authapp.user", "pk": 13, "fields": {"password": "pbkdf2_sha256$150000$wB1sunKOoDBy$Dnn6Xt3tpljXcr8CkEZ+mx8WoE32Zd5ztYqxch5taiQ=", "last_login": null, "is_superuser": false, "username": "Irina", "first_name": "\u0418\u0440\u0438\u043d\u0430", "last_name": "\u0418\u0432\u0430\u043d\u043e\u0432\u0430", "email": "maria_sim_2509@mail.ru", "is_staff": false, "is_active": false, "date_joined": "2021-04-07T23:14:57.825Z", "avatar": "", "age": 18, "activation_key": "2c7392f5c8880b479ca4c7aa5943cf204e0edd25", "activation_key_expires": "2021-04-09T22:06:45.731Z", "groups": [], "user_permissions": []}}, {"model": "authapp.user", "pk": 14, "fields": {"password": "pbkdf2_sha256$150000$feRgSevYxXPH$ieOYNKx1FQuBHUMaZ281sNWkiAzZfVfFcmICQvOedW8=", "last_login": null, "is_superuser": false, "username": "Lera", "first_name": "\u041b\u0435\u0440\u0430", "last_name": "\u0418\u0432\u0430\u043d\u043e\u0432\u0430", "email": "maria_sim_2509@mail.ru", "is_staff": false, "is_active": false, "date_joined": "2021-04-07T23:22:36.048Z", "avatar": "", "age": 18, "activation_key": "bf969b337303e0ade0f16d94e23b663efbba036f", "activation_key_expires": "2021-04-09T22:06:45.827Z", "groups": [], "user_permissions": []}}, {"model": "authapp.user", "pk": 15, "fields": {"password": "pbkdf2_sha256$150000$OimYZwNp9tWw$LnOsnUP/8RXHLKq738QXhPV9vc9kU2v5W1xYgSKnNVk=", "last_login": "2021-04-07T23:37:47.891Z", "is_superuser": false, "username": "vera", "first_name": "Vera", "last_name": "Ivanova", "email": "maria_sim_2509@mail.ru", "is_staff": false, "is_active": true, "date_joined": "2021-04-07T23:37:38.026Z", "avatar": "", "age": 18, "activation_key": "f1a687cb950f37ba8e39c7f75d75704e3dc04314", "activation_key_expires": "2021-04-09T23:37:07.662Z", "groups": [], "user_permissions": []}}, {"model": "authapp.user", "pk": 16, "fields": {"password": "pbkdf2_sha256$150000$6dL04qut6rM7$j458OK6338xlbGsFk8NNTtU3qow6l7TALj0q1GJeeH0=", "last_login": "2021-04-08T14:57:10.687Z", "is_superuser": false, "username": "liza", "first_name": "liza", "last_name": "ivanova", "email": "maria.simonova@facecast.net", "is_staff": false, "is_active": true, "date_joined": "2021-04-08T14:57:01.554Z", "avatar": "", "age": 18, "activation_key": "6c0aba511fed1ed1843862bf989f2a4061cb7d4f", "activation_key_expires": "2021-04-10T00:00:24.848Z", "groups": [], "user_permissions": []}}, {"model": "authapp.user", "pk": 17, "fields": {"password": "pbkdf2_sha256$150000$llBrGXquqHxP$e+GTkCwP9zNMWsfsWIIvqXOnJL94nsHNa9Ng6ANgfyw=", "last_login": "2021-04-11T20:46:16.132Z", "is_superuser": false, "username": "LaraP", "first_name": "\u041b\u0430\u0440\u0438\u0441\u0430", "last_name": "\u041f\u0435\u0442\u0440\u043e\u0432\u0430", "email": "maria_sim_2509@mail.ru", "is_staff": false, "is_active": true, "date_joined": "2021-04-11T20:39:55.018Z", "avatar": "", "age": 18, "activation_key": "0219f3fc64840491442345f63cf4a2cf565eb126", "activation_key_expires": "2021-04-10T00:00:24.663Z", "groups": [], "user_permissions": []}}, {"model": "authapp.user", "pk": 18, "fields": {"password": "pbkdf2_sha256$150000$MGuDtarZhkia$ZC4NRPZDyOXl1eQs+So6UeSb/Vby/dgk6RGiuB/XHFA=", "last_login": null, "is_superuser": false, "username": "gleb", "first_name": "\u0413\u043b\u0435\u0431", "last_name": "\u0418\u0432\u0430\u043d\u043e\u0432", "email": "maria_sim_2509@mail.ru", "is_staff": false, "is_active": true, "date_joined": "2021-04-11T20:45:39.974Z", "avatar": "", "age": 18, "activation_key": "2d89e2ca68a7280fd40fe552c4a1ebbab54e7f5c", "activation_key_expires": "2021-04-10T00:00:24.848Z", "groups": [], "user_permissions": []}}, {"model": "authapp.user", "pk": 19, "fields": {"password": "pbkdf2_sha256$150000$BTWsXNvQpRjm$5myWbzzAFPcs4Ly/gkY+yrPR7kiMScxUh4U+3bwSQlc=", "last_login": "2021-04-12T18:36:43.103Z", "is_superuser": true, "username": "Maria", "first_name": "", "last_name": "", "email": "", "is_staff": true, "is_active": true, "date_joined": "2021-04-12T18:25:56.118Z", "avatar": "", "age": 18, "activation_key": null, "activation_key_expires": "2021-04-14T18:25:00.835Z", "groups": [], "user_permissions": []}}, {"model": "authapp.user", "pk": 20, "fields": {"password": "pbkdf2_sha256$150000$f6Taqfc6YsLK$bNwtC7kSVqx14zBURUdwb7VvSNeTc97mWzCTMntze3s=", "last_login": "2021-04-12T18:36:28.465Z", "is_superuser": false, "username": "lilya", "first_name": "\u041b\u0438\u043b\u044f", "last_name": "\u0418\u0432\u0430\u043d\u043e\u0432\u0430", "email": "maria_sim_2509@mail.ru", "is_staff": false, "is_active": true, "date_joined": "2021-04-12T18:36:19.593Z", "avatar": "", "age": 18, "activation_key": "41a9a9b32a4ca307155ff6e862d35d870d887dab", "activation_key_expires": "2021-04-14T18:30:22.764Z", "groups": [], "user_permissions": []}}, {"model": "authapp.shopuserprofile", "pk": 1, "fields": {"user": 10, "tagline": "", "aboutMe": "", "gender": ""}}, {"model": "authapp.shopuserprofile", "pk": 2, "fields": {"user": 11, "tagline": "", "aboutMe": "", "gender": ""}}, {"model": "authapp.shopuserprofile", "pk": 3, "fields": {"user": 12, "tagline": "", "aboutMe": "", "gender": ""}}, {"model": "authapp.shopuserprofile", "pk": 4, "fields": {"user": 13, "tagline": "", "aboutMe": "", "gender": ""}}, {"model": "authapp.shopuserprofile", "pk": 5, "fields": {"user": 14, "tagline": "", "aboutMe": "", "gender": ""}}, {"model": "authapp.shopuserprofile", "pk": 6, "fields": {"user": 15, "tagline": "", "aboutMe": "", "gender": ""}}, {"model": "authapp.shopuserprofile", "pk": 7, "fields": {"user": 16, "tagline": "", "aboutMe": "", "gender": ""}}, {"model": "authapp.shopuserprofile", "pk": 8, "fields": {"user": 17, "tagline": "", "aboutMe": "", "gender": ""}}, {"model": "authapp.shopuserprofile", "pk": 9, "fields": {"user": 18, "tagline": "", "aboutMe": "", "gender": ""}}, {"model": "authapp.shopuserprofile", "pk": 10, "fields": {"user": 19, "tagline": "", "aboutMe": "", "gender": ""}}, {"model": "authapp.shopuserprofile", "pk": 11, "fields": {"user": 20, "tagline": "", "aboutMe": "", "gender": ""}}, {"model": "basket.basket", "pk": 27, "fields": {"user": 10, "product": 2, "quantity": 1, "created_timestamp": "2021-04-18T18:01:03.561Z"}}, {"model": "ordersapp.order", "pk": 1, "fields": {"user": 10, "created": "2021-04-07T22:13:12.522Z", "updated": "2021-04-12T19:26:14.118Z", "status": "STP", "is_active": false}}, {"model": "ordersapp.order", "pk": 2, "fields": {"user": 10, "created": "2021-04-07T22:13:21.767Z", "updated": "2021-04-07T22:13:28.541Z", "status": "STP", "is_active": true}}, {"model": "ordersapp.order", "pk": 3, "fields": {"user": 16, "created": "2021-04-08T14:57:50.525Z", "updated": "2021-04-08T14:57:57.297Z", "status": "STP", "is_active": true}}, {"model": "ordersapp.order", "pk": 4, "fields": {"user": 10, "created": "2021-04-11T21:54:24.140Z", "updated": "2021-04-11T21:54:37.082Z", "status": "STP", "is_active": true}}, {"model": "ordersapp.order", "pk": 5, "fields": {"user": 10, "created": "2021-04-11T22:30:58.622Z", "updated": "2021-04-11T22:51:04.017Z", "status": "STP", "is_active": true}}, {"model": "ordersapp.order", "pk": 6, "fields": {"user": 10, "created": "2021-04-11T22:31:57.519Z", "updated": "2021-04-11T22:32:25.562Z", "status": "STP", "is_active": true}}, {"model": "ordersapp.order", "pk": 7, "fields": {"user": 10, "created": "2021-04-11T23:01:16.748Z", "updated": "2021-04-11T23:01:41.996Z", "status": "STP", "is_active": true}}, {"model": "ordersapp.order", "pk": 8, "fields": {"user": 10, "created": "2021-04-11T23:22:20.107Z", "updated": "2021-04-11T23:22:41.059Z", "status": "STP", "is_active": true}}, {"model": "ordersapp.order", "pk": 9, "fields": {"user": 10, "created": "2021-04-11T23:23:31.583Z", "updated": "2021-04-11T23:23:47.011Z", "status": "STP", "is_active": true}}, {"model": "ordersapp.order", "pk": 10, "fields": {"user": 10, "created": "2021-04-12T00:15:17.986Z", "updated": "2021-04-12T00:15:36.784Z", "status": "STP", "is_active": true}}, {"model": "ordersapp.order", "pk": 11, "fields": {"user": 10, "created": "2021-04-12T18:33:07.320Z", "updated": "2021-04-18T15:07:40.675Z", "status": "STP", "is_active": true}}, {"model": "ordersapp.order", "pk": 12, "fields": {"user": 10, "created": "2021-04-12T20:35:01.404Z", "updated": "2021-04-12T20:58:45.201Z", "status": "STP", "is_active": true}}, {"model": "ordersapp.order", "pk": 13, "fields": {"user": 10, "created": "2021-04-12T21:49:08.352Z", "updated": "2021-04-18T15:07:46.479Z", "status": "STP", "is_active": true}}, {"model": "ordersapp.order", "pk": 14, "fields": {"user": 10, "created": "2021-04-18T13:51:33.080Z", "updated": "2021-04-18T15:11:08.883Z", "status": "FM", "is_active": false}}, {"model": "ordersapp.order", "pk": 15, "fields": {"user": 10, "created": "2021-04-18T13:51:33.833Z", "updated": "2021-04-18T15:03:59.078Z", "status": "FM", "is_active": true}}, {"model": "ordersapp.order", "pk": 16, "fields": {"user": 10, "created": "2021-04-18T13:52:25.379Z", "updated": "2021-04-18T14:12:59.649Z", "status": "STP", "is_active": true}}, {"model": "ordersapp.order", "pk": 17, "fields": {"user": 10, "created": "2021-04-18T14:14:01.795Z", "updated": "2021-04-18T15:04:09.486Z", "status": "STP", "is_active": true}}, {"model": "ordersapp.order", "pk": 18, "fields": {"user": 10, "created": "2021-04-18T14:15:34.936Z", "updated": "2021-04-18T16:32:42.835Z", "status": "FM", "is_active": false}}, {"model": "ordersapp.order", "pk": 19, "fields": {"user": 10, "created": "2021-04-18T14:23:26.705Z", "updated": "2021-04-18T15:07:07.726Z", "status": "STP", "is_active": true}}, {"model": "ordersapp.order", "pk": 20, "fields": {"user": 10, "created": "2021-04-18T14:38:19.047Z", "updated": "2021-04-18T14:50:56.678Z", "status": "FM", "is_active": false}}, {"model": "ordersapp.order", "pk": 21, "fields": {"user": 10, "created": "2021-04-18T16:30:50.736Z", "updated": "2021-04-18T16:30:50.792Z", "status": "FM", "is_active": false}}, {"model": "ordersapp.order", "pk": 22, "fields": {"user": 10, "created": "2021-04-18T17:02:54.536Z", "updated": "2021-04-18T17:02:54.599Z", "status": "FM", "is_active": true}}, {"model": "ordersapp.orderitem", "pk": 1, "fields": {"order": 1, "product": 1, "quantity": 0}}, {"model": "ordersapp.orderitem", "pk": 2, "fields": {"order": 2, "product": 1, "quantity": 1}}, {"model": "ordersapp.orderitem", "pk": 3, "fields": {"order": 3, "product": 5, "quantity": 2}}, {"model": "ordersapp.orderitem", "pk": 4, "fields": {"order": 4, "product": 5, "quantity": 1}}, {"model": "ordersapp.orderitem", "pk": 5, "fields": {"order": 5, "product": 1, "quantity": 1}}, {"model": "ordersapp.orderitem", "pk": 6, "fields": {"order": 6, "product": 2, "quantity": 1}}, {"model": "ordersapp.orderitem", "pk": 7, "fields": {"order": 6, "product": 1, "quantity": 1}}, {"model": "ordersapp.orderitem", "pk": 8, "fields": {"order": 5, "product": 4, "quantity": 1}}, {"model": "ordersapp.orderitem", "pk": 9, "fields": {"order": 7, "product": 4, "quantity": 1}}, {"model": "ordersapp.orderitem", "pk": 10, "fields": {"order": 8, "product": 2, "quantity": 1}}, {"model": "ordersapp.orderitem", "pk": 11, "fields": {"order": 8, "product": 11, "quantity": 2}}, {"model": "ordersapp.orderitem", "pk": 12, "fields": {"order": 9, "product": 11, "quantity": 1}}, {"model": "ordersapp.orderitem", "pk": 13, "fields": {"order": 9, "product": 11, "quantity": 1}}, {"model": "ordersapp.orderitem", "pk": 14, "fields": {"order": 10, "product": 2, "quantity": 1}}, {"model": "ordersapp.orderitem", "pk": 15, "fields": {"order": 10, "product": 5, "quantity": 2}}, {"model": "ordersapp.orderitem", "pk": 16, "fields": {"order": 11, "product": 2, "quantity": 1}}, {"model": "ordersapp.orderitem", "pk": 17, "fields": {"order": 11, "product": 1, "quantity": 1}}, {"model": "ordersapp.orderitem", "pk": 18, "fields": {"order": 11, "product": 5, "quantity": 1}}, {"model": "ordersapp.orderitem", "pk": 19, "fields": {"order": 12, "product": 5, "quantity": 1}}, {"model": "ordersapp.orderitem", "pk": 20, "fields": {"order": 12, "product": 3, "quantity": 1}}, {"model": "ordersapp.orderitem", "pk": 21, "fields": {"order": 13, "product": 1, "quantity": 1}}, {"model": "ordersapp.orderitem", "pk": 22, "fields": {"order": 13, "product": 2, "quantity": 1}}, {"model": "ordersapp.orderitem", "pk": 23, "fields": {"order": 14, "product": 2, "quantity": 0}}, {"model": "ordersapp.orderitem", "pk": 24, "fields": {"order": 15, "product": 2, "quantity": 1}}, {"model": "ordersapp.orderitem", "pk": 25, "fields": {"order": 16, "product": 4, "quantity": 1}}, {"model": "ordersapp.orderitem", "pk": 26, "fields": {"order": 17, "product": 11, "quantity": 2}}, {"model": "ordersapp.orderitem", "pk": 27, "fields": {"order": 18, "product": 11, "quantity": 0}}, {"model": "ordersapp.orderitem", "pk": 28, "fields": {"order": 18, "product": 4, "quantity": 0}}, {"model": "ordersapp.orderitem", "pk": 29, "fields": {"order": 19, "product": 4, "quantity": 1}}, {"model": "ordersapp.orderitem", "pk": 30, "fields": {"order": 19, "product": 3, "quantity": 1}}, {"model": "ordersapp.orderitem", "pk": 31, "fields": {"order": 20, "product": 4, "quantity": 0}}, {"model": "ordersapp.orderitem", "pk": 32, "fields": {"order": 15, "product": 3, "quantity": 1}}, {"model": "ordersapp.orderitem", "pk": 33, "fields": {"order": 22, "product": 5, "quantity": 1}}, {"model": "admin.logentry", "pk": 1, "fields": {"action_time": "2021-04-18T16:28:12.042Z", "user": 10, "content_type": 7, "object_id": "4", "object_repr": "\u0427\u0435\u0440\u043d\u044b\u0439 \u0440\u044e\u043a\u0437\u0430\u043a Nike Heritage | \u0410\u043a\u0441\u0435\u0441\u0441\u0443\u0430\u0440\u044b", "action_flag": 2, "change_message": "[{\"changed\": {\"fields\": [\"quantity\"]}}]"}}, {"model": "admin.logentry", "pk": 2, "fields": {"action_time": "2021-04-18T16:28:54.895Z", "user": 10, "content_type": 7, "object_id": "11", "object_repr": "\u0422\u0435\u043c\u043d\u043e-\u0441\u0438\u043d\u0438\u0435 \u0448\u0438\u0440\u043e\u043a\u0438\u0435 \u0441\u0442\u0440\u043e\u0433\u0438\u0435 \u0431\u0440\u044e\u043a\u0438 ASOS DESIGN | \u041e\u0434\u0435\u0436\u0434\u0430", "action_flag": 2, "change_message": "[{\"changed\": {\"fields\": [\"quantity\"]}}]"}}, {"model": "admin.logentry", "pk": 3, "fields": {"action_time": "2021-04-18T16:29:04.174Z", "user": 10, "content_type": 7, "object_id": "5", "object_repr": "\u0427\u0435\u0440\u043d\u044b\u0435 \u0442\u0443\u0444\u043b\u0438 \u043d\u0430 \u043f\u043b\u0430\u0442\u0444\u043e\u0440\u043c\u0435 \u0441 3 \u043f\u0430\u0440\u0430\u043c\u0438 \u043b\u044e\u0432\u0435\u0440\u0441\u043e\u0432 Dr Martens 1461 Bex | \u041e\u0431\u0443\u0432\u044c", "action_flag": 2, "change_message": "[{\"changed\": {\"fields\": [\"quantity\"]}}]"}}, {"model": "admin.logentry", "pk": 4, "fields": {"action_time": "2021-04-18T16:29:24.525Z", "user": 10, "content_type": 7, "object_id": "3", "object_repr": "\u041a\u043e\u0440\u0438\u0447\u043d\u0435\u0432\u044b\u0439 \u0441\u043f\u043e\u0440\u0442\u0438\u0432\u043d\u044b\u0439 oversized-\u0442\u043e\u043f ASOS DESIGN | \u041e\u0434\u0435\u0436\u0434\u0430", "action_flag": 2, "change_message": "[{\"changed\": {\"fields\": [\"quantity\"]}}]"}}, {"model": "admin.logentry", "pk": 5, "fields": {"action_time": "2021-04-18T16:29:38.534Z", "user": 10, "content_type": 7, "object_id": "2", "object_repr": "\u0421\u0438\u043d\u044f\u044f \u043a\u0443\u0440\u0442\u043a\u0430 The North Face | \u041e\u0434\u0435\u0436\u0434\u0430", "action_flag": 2, "change_message": "[{\"changed\": {\"fields\": [\"quantity\"]}}]"}}, {"model": "admin.logentry", "pk": 6, "fields": {"action_time": "2021-04-18T16:29:45.678Z", "user": 10, "content_type": 7, "object_id": "1", "object_repr": "\u0425\u0443\u0434\u0438 \u0447\u0435\u0440\u043d\u043e\u0433\u043e \u0446\u0432\u0435\u0442\u0430 \u0441 \u043c\u043e\u043d\u043e\u0433\u0440\u0430\u043c\u043c\u0430\u043c\u0438 adidas Originals | \u041d\u043e\u0432\u0438\u043d\u043a\u0438", "action_flag": 2, "change_message": "[{\"changed\": {\"fields\": [\"quantity\"]}}]"}}, {"model": "admin.logentry", "pk": 7, "fields": {"action_time": "2021-04-18T17:22:32.948Z", "user": 10, "content_type": 6, "object_id": "3", "object_repr": "\u041e\u0431\u0443\u0432\u044c", "action_flag": 2, "change_message": "[{\"changed\": {\"fields\": [\"discount\"]}}]"}}, {"model": "admin.logentry", "pk": 8, "fields": {"action_time": "2021-04-18T17:23:11.869Z", "user": 10, "content_type": 7, "object_id": "2", "object_repr": "\u0421\u0438\u043d\u044f\u044f \u043a\u0443\u0440\u0442\u043a\u0430 The North Face | \u041e\u0434\u0435\u0436\u0434\u0430", "action_flag": 2, "change_message": "[]"}}, {"model": "admin.logentry", "pk": 9, "fields": {"action_time": "2021-04-18T17:24:33.472Z", "user": 10, "content_type": 6, "object_id": "5", "object_repr": "\u041f\u043e\u0434\u0430\u0440\u043a\u0438", "action_flag": 2, "change_message": "[{\"changed\": {\"fields\": [\"discount\"]}}]"}}, {"model": "admin.logentry", "pk": 10, "fields": {"action_time": "2021-04-18T17:30:29.515Z", "user": 10, "content_type": 6, "object_id": "4", "object_repr": "\u0410\u043a\u0441\u0435\u0441\u0441\u0443\u0430\u0440\u044b", "action_flag": 2, "change_message": "[]"}}, {"model": "admin.logentry", "pk": 11, "fields": {"action_time": "2021-04-18T17:30:37.372Z", "user": 10, "content_type": 6, "object_id": "2", "object_repr": "\u041e\u0434\u0435\u0436\u0434\u0430", "action_flag": 2, "change_message": "[]"}}]